"","species","interactions","outdegree","rep"
"1","AMO",5,11,1
"2","AZA",1,5,1
"3","BLA",6,5,1
"4","CAL",7,5,1
"5","CSA",18,7,1
"6","CSP",4,63,1
"7","DPE",2,5,1
"8","ECH",7,10,1
"9","EFL",32,20,1
"10","EMU",1,2,1
"11","ESE",3,5,1
"12","FAB",1,2,1
"13","FLA",7,12,1
"14","HOE",23,14,1
"15","LIN",1,1,1
"16","OLA",4,12,1
"17","POT",1,2,1
"18","PRUNUS",2,4,1
"19","RGR",2,2,1
"20","ROF",79,49,1
"21","SHI",1,1,1
"22","TVUF",62,44,1
"23","TVUH",55,34,1
"24","UMBE",1,3,1
"25","AMO",5,6,2
"26","AZA",1,3,2
"27","BLA",6,13,2
"28","CAL",7,8,2
"29","CSA",18,10,2
"30","CSP",4,61,2
"31","DPE",2,1,2
"32","ECH",7,5,2
"33","EFL",32,25,2
"34","EMU",1,2,2
"35","ESE",3,3,2
"36","FAB",1,4,2
"37","FLA",7,6,2
"38","HOE",23,21,2
"39","LIN",1,0,2
"40","OLA",4,10,2
"41","POT",1,0,2
"42","PRUNUS",2,1,2
"43","RGR",2,2,2
"44","ROF",79,37,2
"45","SHI",1,2,2
"46","TVUF",62,56,2
"47","TVUH",55,39,2
"48","UMBE",1,4,2
"49","AMO",5,3,3
"50","AZA",1,0,3
"51","BLA",6,4,3
"52","CAL",7,2,3
"53","CSA",18,14,3
"54","CSP",4,56,3
"55","DPE",2,1,3
"56","ECH",7,8,3
"57","EFL",32,22,3
"58","EMU",1,2,3
"59","ESE",3,3,3
"60","FAB",1,1,3
"61","FLA",7,5,3
"62","HOE",23,17,3
"63","LIN",1,1,3
"64","OLA",4,11,3
"65","POT",1,2,3
"66","PRUNUS",2,1,3
"67","RGR",2,2,3
"68","ROF",79,47,3
"69","SHI",1,1,3
"70","TVUF",62,43,3
"71","TVUH",55,40,3
"72","UMBE",1,0,3
"73","AMO",5,7,4
"74","AZA",1,5,4
"75","BLA",6,7,4
"76","CAL",7,5,4
"77","CSA",18,20,4
"78","CSP",4,63,4
"79","DPE",2,1,4
"80","ECH",7,4,4
"81","EFL",32,20,4
"82","EMU",1,1,4
"83","ESE",3,3,4
"84","FAB",1,4,4
"85","FLA",7,6,4
"86","HOE",23,16,4
"87","LIN",1,0,4
"88","OLA",4,9,4
"89","POT",1,2,4
"90","PRUNUS",2,2,4
"91","RGR",2,0,4
"92","ROF",79,51,4
"93","SHI",1,1,4
"94","TVUF",62,37,4
"95","TVUH",55,37,4
"96","UMBE",1,2,4
"97","AMO",5,2,5
"98","AZA",1,6,5
"99","BLA",6,10,5
"100","CAL",7,4,5
"101","CSA",18,16,5
"102","CSP",4,60,5
"103","DPE",2,2,5
"104","ECH",7,2,5
"105","EFL",32,19,5
"106","EMU",1,1,5
"107","ESE",3,2,5
"108","FAB",1,0,5
"109","FLA",7,8,5
"110","HOE",23,10,5
"111","LIN",1,2,5
"112","OLA",4,14,5
"113","POT",1,2,5
"114","PRUNUS",2,0,5
"115","RGR",2,2,5
"116","ROF",79,45,5
"117","SHI",1,4,5
"118","TVUF",62,40,5
"119","TVUH",55,32,5
"120","UMBE",1,0,5
"121","AMO",5,5,6
"122","AZA",1,3,6
"123","BLA",6,5,6
"124","CAL",7,4,6
"125","CSA",18,15,6
"126","CSP",4,66,6
"127","DPE",2,5,6
"128","ECH",7,5,6
"129","EFL",32,25,6
"130","EMU",1,0,6
"131","ESE",3,3,6
"132","FAB",1,3,6
"133","FLA",7,9,6
"134","HOE",23,21,6
"135","LIN",1,1,6
"136","OLA",4,14,6
"137","POT",1,1,6
"138","PRUNUS",2,1,6
"139","RGR",2,2,6
"140","ROF",79,43,6
"141","SHI",1,2,6
"142","TVUF",62,34,6
"143","TVUH",55,36,6
"144","UMBE",1,2,6
"145","AMO",5,4,7
"146","AZA",1,4,7
"147","BLA",6,6,7
"148","CAL",7,8,7
"149","CSA",18,14,7
"150","CSP",4,54,7
"151","DPE",2,1,7
"152","ECH",7,6,7
"153","EFL",32,20,7
"154","EMU",1,2,7
"155","ESE",3,4,7
"156","FAB",1,2,7
"157","FLA",7,9,7
"158","HOE",23,24,7
"159","LIN",1,1,7
"160","OLA",4,12,7
"161","POT",1,3,7
"162","PRUNUS",2,0,7
"163","RGR",2,0,7
"164","ROF",79,47,7
"165","SHI",1,3,7
"166","TVUF",62,44,7
"167","TVUH",55,37,7
"168","UMBE",1,0,7
"169","AMO",5,3,8
"170","AZA",1,1,8
"171","BLA",6,6,8
"172","CAL",7,3,8
"173","CSA",18,14,8
"174","CSP",4,74,8
"175","DPE",2,4,8
"176","ECH",7,8,8
"177","EFL",32,17,8
"178","EMU",1,0,8
"179","ESE",3,3,8
"180","FAB",1,3,8
"181","FLA",7,8,8
"182","HOE",23,19,8
"183","LIN",1,1,8
"184","OLA",4,7,8
"185","POT",1,0,8
"186","PRUNUS",2,1,8
"187","RGR",2,0,8
"188","ROF",79,41,8
"189","SHI",1,4,8
"190","TVUF",62,48,8
"191","TVUH",55,30,8
"192","UMBE",1,1,8
"193","AMO",5,7,9
"194","AZA",1,2,9
"195","BLA",6,3,9
"196","CAL",7,4,9
"197","CSA",18,8,9
"198","CSP",4,60,9
"199","DPE",2,3,9
"200","ECH",7,6,9
"201","EFL",32,22,9
"202","EMU",1,0,9
"203","ESE",3,5,9
"204","FAB",1,2,9
"205","FLA",7,3,9
"206","HOE",23,21,9
"207","LIN",1,2,9
"208","OLA",4,9,9
"209","POT",1,5,9
"210","PRUNUS",2,0,9
"211","RGR",2,1,9
"212","ROF",79,43,9
"213","SHI",1,3,9
"214","TVUF",62,42,9
"215","TVUH",55,42,9
"216","UMBE",1,2,9
"217","AMO",5,4,10
"218","AZA",1,2,10
"219","BLA",6,8,10
"220","CAL",7,5,10
"221","CSA",18,12,10
"222","CSP",4,62,10
"223","DPE",2,1,10
"224","ECH",7,6,10
"225","EFL",32,22,10
"226","EMU",1,1,10
"227","ESE",3,3,10
"228","FAB",1,3,10
"229","FLA",7,10,10
"230","HOE",23,15,10
"231","LIN",1,1,10
"232","OLA",4,11,10
"233","POT",1,1,10
"234","PRUNUS",2,0,10
"235","RGR",2,3,10
"236","ROF",79,51,10
"237","SHI",1,1,10
"238","TVUF",62,40,10
"239","TVUH",55,34,10
"240","UMBE",1,1,10
"241","AMO",5,5,11
"242","AZA",1,2,11
"243","BLA",6,5,11
"244","CAL",7,3,11
"245","CSA",18,12,11
"246","CSP",4,69,11
"247","DPE",2,4,11
"248","ECH",7,4,11
"249","EFL",32,18,11
"250","EMU",1,0,11
"251","ESE",3,1,11
"252","FAB",1,7,11
"253","FLA",7,3,11
"254","HOE",23,17,11
"255","LIN",1,0,11
"256","OLA",4,15,11
"257","POT",1,2,11
"258","PRUNUS",2,2,11
"259","RGR",2,1,11
"260","ROF",79,39,11
"261","SHI",1,1,11
"262","TVUF",62,39,11
"263","TVUH",55,27,11
"264","UMBE",1,2,11
"265","AMO",5,6,12
"266","AZA",1,6,12
"267","BLA",6,9,12
"268","CAL",7,6,12
"269","CSA",18,18,12
"270","CSP",4,51,12
"271","DPE",2,2,12
"272","ECH",7,5,12
"273","EFL",32,16,12
"274","EMU",1,0,12
"275","ESE",3,5,12
"276","FAB",1,2,12
"277","FLA",7,7,12
"278","HOE",23,22,12
"279","LIN",1,0,12
"280","OLA",4,17,12
"281","POT",1,2,12
"282","PRUNUS",2,2,12
"283","RGR",2,2,12
"284","ROF",79,50,12
"285","SHI",1,3,12
"286","TVUF",62,37,12
"287","TVUH",55,36,12
"288","UMBE",1,0,12
"289","AMO",5,5,13
"290","AZA",1,1,13
"291","BLA",6,10,13
"292","CAL",7,6,13
"293","CSA",18,12,13
"294","CSP",4,70,13
"295","DPE",2,3,13
"296","ECH",7,4,13
"297","EFL",32,15,13
"298","EMU",1,5,13
"299","ESE",3,0,13
"300","FAB",1,1,13
"301","FLA",7,11,13
"302","HOE",23,12,13
"303","LIN",1,0,13
"304","OLA",4,9,13
"305","POT",1,3,13
"306","PRUNUS",2,0,13
"307","RGR",2,2,13
"308","ROF",79,46,13
"309","SHI",1,2,13
"310","TVUF",62,40,13
"311","TVUH",55,37,13
"312","UMBE",1,5,13
"313","AMO",5,1,14
"314","AZA",1,1,14
"315","BLA",6,8,14
"316","CAL",7,7,14
"317","CSA",18,15,14
"318","CSP",4,63,14
"319","DPE",2,2,14
"320","ECH",7,8,14
"321","EFL",32,21,14
"322","EMU",1,1,14
"323","ESE",3,3,14
"324","FAB",1,1,14
"325","FLA",7,8,14
"326","HOE",23,19,14
"327","LIN",1,3,14
"328","OLA",4,11,14
"329","POT",1,2,14
"330","PRUNUS",2,0,14
"331","RGR",2,5,14
"332","ROF",79,38,14
"333","SHI",1,2,14
"334","TVUF",62,50,14
"335","TVUH",55,37,14
"336","UMBE",1,1,14
"337","AMO",5,3,15
"338","AZA",1,1,15
"339","BLA",6,11,15
"340","CAL",7,2,15
"341","CSA",18,13,15
"342","CSP",4,63,15
"343","DPE",2,2,15
"344","ECH",7,9,15
"345","EFL",32,20,15
"346","EMU",1,0,15
"347","ESE",3,2,15
"348","FAB",1,2,15
"349","FLA",7,7,15
"350","HOE",23,29,15
"351","LIN",1,0,15
"352","OLA",4,11,15
"353","POT",1,3,15
"354","PRUNUS",2,0,15
"355","RGR",2,2,15
"356","ROF",79,39,15
"357","SHI",1,4,15
"358","TVUF",62,47,15
"359","TVUH",55,36,15
"360","UMBE",1,1,15
"361","AMO",5,5,16
"362","AZA",1,2,16
"363","BLA",6,1,16
"364","CAL",7,4,16
"365","CSA",18,21,16
"366","CSP",4,76,16
"367","DPE",2,5,16
"368","ECH",7,8,16
"369","EFL",32,16,16
"370","EMU",1,4,16
"371","ESE",3,4,16
"372","FAB",1,2,16
"373","FLA",7,4,16
"374","HOE",23,17,16
"375","LIN",1,1,16
"376","OLA",4,11,16
"377","POT",1,2,16
"378","PRUNUS",2,2,16
"379","RGR",2,4,16
"380","ROF",79,45,16
"381","SHI",1,1,16
"382","TVUF",62,43,16
"383","TVUH",55,42,16
"384","UMBE",1,1,16
"385","AMO",5,7,17
"386","AZA",1,1,17
"387","BLA",6,9,17
"388","CAL",7,7,17
"389","CSA",18,18,17
"390","CSP",4,62,17
"391","DPE",2,0,17
"392","ECH",7,7,17
"393","EFL",32,19,17
"394","EMU",1,2,17
"395","ESE",3,4,17
"396","FAB",1,3,17
"397","FLA",7,9,17
"398","HOE",23,18,17
"399","LIN",1,0,17
"400","OLA",4,17,17
"401","POT",1,4,17
"402","PRUNUS",2,0,17
"403","RGR",2,3,17
"404","ROF",79,46,17
"405","SHI",1,4,17
"406","TVUF",62,34,17
"407","TVUH",55,37,17
"408","UMBE",1,1,17
"409","AMO",5,4,18
"410","AZA",1,4,18
"411","BLA",6,9,18
"412","CAL",7,3,18
"413","CSA",18,16,18
"414","CSP",4,72,18
"415","DPE",2,5,18
"416","ECH",7,5,18
"417","EFL",32,16,18
"418","EMU",1,1,18
"419","ESE",3,3,18
"420","FAB",1,2,18
"421","FLA",7,8,18
"422","HOE",23,22,18
"423","LIN",1,0,18
"424","OLA",4,6,18
"425","POT",1,0,18
"426","PRUNUS",2,1,18
"427","RGR",2,2,18
"428","ROF",79,32,18
"429","SHI",1,2,18
"430","TVUF",62,41,18
"431","TVUH",55,41,18
"432","UMBE",1,0,18
"433","AMO",5,4,19
"434","AZA",1,1,19
"435","BLA",6,8,19
"436","CAL",7,5,19
"437","CSA",18,17,19
"438","CSP",4,71,19
"439","DPE",2,3,19
"440","ECH",7,3,19
"441","EFL",32,20,19
"442","EMU",1,0,19
"443","ESE",3,4,19
"444","FAB",1,4,19
"445","FLA",7,6,19
"446","HOE",23,16,19
"447","LIN",1,0,19
"448","OLA",4,9,19
"449","POT",1,2,19
"450","PRUNUS",2,2,19
"451","RGR",2,3,19
"452","ROF",79,44,19
"453","SHI",1,4,19
"454","TVUF",62,42,19
"455","TVUH",55,32,19
"456","UMBE",1,1,19
"457","AMO",5,8,20
"458","AZA",1,3,20
"459","BLA",6,6,20
"460","CAL",7,6,20
"461","CSA",18,15,20
"462","CSP",4,67,20
"463","DPE",2,7,20
"464","ECH",7,10,20
"465","EFL",32,25,20
"466","EMU",1,2,20
"467","ESE",3,2,20
"468","FAB",1,3,20
"469","FLA",7,4,20
"470","HOE",23,15,20
"471","LIN",1,0,20
"472","OLA",4,10,20
"473","POT",1,2,20
"474","PRUNUS",2,1,20
"475","RGR",2,4,20
"476","ROF",79,47,20
"477","SHI",1,2,20
"478","TVUF",62,31,20
"479","TVUH",55,34,20
"480","UMBE",1,0,20
"481","AMO",5,5,21
"482","AZA",1,2,21
"483","BLA",6,10,21
"484","CAL",7,7,21
"485","CSA",18,23,21
"486","CSP",4,63,21
"487","DPE",2,2,21
"488","ECH",7,7,21
"489","EFL",32,24,21
"490","EMU",1,1,21
"491","ESE",3,1,21
"492","FAB",1,1,21
"493","FLA",7,8,21
"494","HOE",23,16,21
"495","LIN",1,0,21
"496","OLA",4,13,21
"497","POT",1,0,21
"498","PRUNUS",2,1,21
"499","RGR",2,2,21
"500","ROF",79,37,21
"501","SHI",1,3,21
"502","TVUF",62,41,21
"503","TVUH",55,44,21
"504","UMBE",1,0,21
"505","AMO",5,2,22
"506","AZA",1,1,22
"507","BLA",6,8,22
"508","CAL",7,6,22
"509","CSA",18,18,22
"510","CSP",4,61,22
"511","DPE",2,2,22
"512","ECH",7,8,22
"513","EFL",32,18,22
"514","EMU",1,0,22
"515","ESE",3,2,22
"516","FAB",1,2,22
"517","FLA",7,7,22
"518","HOE",23,18,22
"519","LIN",1,0,22
"520","OLA",4,15,22
"521","POT",1,4,22
"522","PRUNUS",2,2,22
"523","RGR",2,0,22
"524","ROF",79,48,22
"525","SHI",1,2,22
"526","TVUF",62,45,22
"527","TVUH",55,36,22
"528","UMBE",1,2,22
"529","AMO",5,4,23
"530","AZA",1,1,23
"531","BLA",6,4,23
"532","CAL",7,7,23
"533","CSA",18,13,23
"534","CSP",4,77,23
"535","DPE",2,2,23
"536","ECH",7,10,23
"537","EFL",32,16,23
"538","EMU",1,3,23
"539","ESE",3,3,23
"540","FAB",1,3,23
"541","FLA",7,9,23
"542","HOE",23,18,23
"543","LIN",1,0,23
"544","OLA",4,10,23
"545","POT",1,2,23
"546","PRUNUS",2,0,23
"547","RGR",2,1,23
"548","ROF",79,41,23
"549","SHI",1,1,23
"550","TVUF",62,37,23
"551","TVUH",55,34,23
"552","UMBE",1,1,23
"553","AMO",5,3,24
"554","AZA",1,4,24
"555","BLA",6,8,24
"556","CAL",7,7,24
"557","CSA",18,13,24
"558","CSP",4,56,24
"559","DPE",2,3,24
"560","ECH",7,9,24
"561","EFL",32,16,24
"562","EMU",1,3,24
"563","ESE",3,4,24
"564","FAB",1,3,24
"565","FLA",7,7,24
"566","HOE",23,15,24
"567","LIN",1,1,24
"568","OLA",4,13,24
"569","POT",1,4,24
"570","PRUNUS",2,0,24
"571","RGR",2,2,24
"572","ROF",79,41,24
"573","SHI",1,5,24
"574","TVUF",62,45,24
"575","TVUH",55,40,24
"576","UMBE",1,1,24
"577","AMO",5,1,25
"578","AZA",1,5,25
"579","BLA",6,9,25
"580","CAL",7,3,25
"581","CSA",18,16,25
"582","CSP",4,59,25
"583","DPE",2,3,25
"584","ECH",7,8,25
"585","EFL",32,14,25
"586","EMU",1,1,25
"587","ESE",3,1,25
"588","FAB",1,4,25
"589","FLA",7,9,25
"590","HOE",23,28,25
"591","LIN",1,1,25
"592","OLA",4,13,25
"593","POT",1,0,25
"594","PRUNUS",2,2,25
"595","RGR",2,3,25
"596","ROF",79,49,25
"597","SHI",1,3,25
"598","TVUF",62,34,25
"599","TVUH",55,38,25
"600","UMBE",1,1,25
"601","AMO",5,7,26
"602","AZA",1,2,26
"603","BLA",6,8,26
"604","CAL",7,6,26
"605","CSA",18,12,26
"606","CSP",4,69,26
"607","DPE",2,3,26
"608","ECH",7,6,26
"609","EFL",32,21,26
"610","EMU",1,0,26
"611","ESE",3,0,26
"612","FAB",1,1,26
"613","FLA",7,9,26
"614","HOE",23,26,26
"615","LIN",1,0,26
"616","OLA",4,15,26
"617","POT",1,4,26
"618","PRUNUS",2,2,26
"619","RGR",2,2,26
"620","ROF",79,44,26
"621","SHI",1,2,26
"622","TVUF",62,42,26
"623","TVUH",55,34,26
"624","UMBE",1,1,26
"625","AMO",5,8,27
"626","AZA",1,3,27
"627","BLA",6,12,27
"628","CAL",7,9,27
"629","CSA",18,14,27
"630","CSP",4,76,27
"631","DPE",2,4,27
"632","ECH",7,8,27
"633","EFL",32,14,27
"634","EMU",1,1,27
"635","ESE",3,2,27
"636","FAB",1,1,27
"637","FLA",7,6,27
"638","HOE",23,13,27
"639","LIN",1,0,27
"640","OLA",4,14,27
"641","POT",1,2,27
"642","PRUNUS",2,1,27
"643","RGR",2,0,27
"644","ROF",79,41,27
"645","SHI",1,2,27
"646","TVUF",62,44,27
"647","TVUH",55,25,27
"648","UMBE",1,2,27
"649","AMO",5,4,28
"650","AZA",1,5,28
"651","BLA",6,7,28
"652","CAL",7,5,28
"653","CSA",18,12,28
"654","CSP",4,67,28
"655","DPE",2,2,28
"656","ECH",7,5,28
"657","EFL",32,18,28
"658","EMU",1,2,28
"659","ESE",3,4,28
"660","FAB",1,2,28
"661","FLA",7,8,28
"662","HOE",23,22,28
"663","LIN",1,1,28
"664","OLA",4,14,28
"665","POT",1,3,28
"666","PRUNUS",2,0,28
"667","RGR",2,1,28
"668","ROF",79,42,28
"669","SHI",1,2,28
"670","TVUF",62,43,28
"671","TVUH",55,33,28
"672","UMBE",1,1,28
"673","AMO",5,3,29
"674","AZA",1,0,29
"675","BLA",6,7,29
"676","CAL",7,7,29
"677","CSA",18,12,29
"678","CSP",4,66,29
"679","DPE",2,1,29
"680","ECH",7,8,29
"681","EFL",32,18,29
"682","EMU",1,3,29
"683","ESE",3,5,29
"684","FAB",1,6,29
"685","FLA",7,7,29
"686","HOE",23,15,29
"687","LIN",1,1,29
"688","OLA",4,11,29
"689","POT",1,2,29
"690","PRUNUS",2,0,29
"691","RGR",2,3,29
"692","ROF",79,38,29
"693","SHI",1,1,29
"694","TVUF",62,34,29
"695","TVUH",55,34,29
"696","UMBE",1,1,29
"697","AMO",5,7,30
"698","AZA",1,4,30
"699","BLA",6,10,30
"700","CAL",7,6,30
"701","CSA",18,15,30
"702","CSP",4,72,30
"703","DPE",2,4,30
"704","ECH",7,6,30
"705","EFL",32,15,30
"706","EMU",1,1,30
"707","ESE",3,2,30
"708","FAB",1,2,30
"709","FLA",7,11,30
"710","HOE",23,18,30
"711","LIN",1,0,30
"712","OLA",4,14,30
"713","POT",1,1,30
"714","PRUNUS",2,0,30
"715","RGR",2,3,30
"716","ROF",79,40,30
"717","SHI",1,4,30
"718","TVUF",62,42,30
"719","TVUH",55,33,30
"720","UMBE",1,1,30
"721","AMO",5,6,31
"722","AZA",1,2,31
"723","BLA",6,2,31
"724","CAL",7,4,31
"725","CSA",18,14,31
"726","CSP",4,61,31
"727","DPE",2,5,31
"728","ECH",7,7,31
"729","EFL",32,16,31
"730","EMU",1,1,31
"731","ESE",3,3,31
"732","FAB",1,4,31
"733","FLA",7,8,31
"734","HOE",23,19,31
"735","LIN",1,0,31
"736","OLA",4,14,31
"737","POT",1,0,31
"738","PRUNUS",2,1,31
"739","RGR",2,1,31
"740","ROF",79,42,31
"741","SHI",1,2,31
"742","TVUF",62,39,31
"743","TVUH",55,40,31
"744","UMBE",1,1,31
"745","AMO",5,5,32
"746","AZA",1,0,32
"747","BLA",6,10,32
"748","CAL",7,5,32
"749","CSA",18,11,32
"750","CSP",4,52,32
"751","DPE",2,0,32
"752","ECH",7,7,32
"753","EFL",32,18,32
"754","EMU",1,2,32
"755","ESE",3,4,32
"756","FAB",1,4,32
"757","FLA",7,7,32
"758","HOE",23,24,32
"759","LIN",1,0,32
"760","OLA",4,20,32
"761","POT",1,4,32
"762","PRUNUS",2,1,32
"763","RGR",2,1,32
"764","ROF",79,46,32
"765","SHI",1,4,32
"766","TVUF",62,40,32
"767","TVUH",55,43,32
"768","UMBE",1,0,32
"769","AMO",5,8,33
"770","AZA",1,4,33
"771","BLA",6,7,33
"772","CAL",7,6,33
"773","CSA",18,16,33
"774","CSP",4,63,33
"775","DPE",2,2,33
"776","ECH",7,5,33
"777","EFL",32,12,33
"778","EMU",1,3,33
"779","ESE",3,5,33
"780","FAB",1,3,33
"781","FLA",7,7,33
"782","HOE",23,15,33
"783","LIN",1,1,33
"784","OLA",4,8,33
"785","POT",1,1,33
"786","PRUNUS",2,3,33
"787","RGR",2,4,33
"788","ROF",79,46,33
"789","SHI",1,2,33
"790","TVUF",62,41,33
"791","TVUH",55,37,33
"792","UMBE",1,3,33
"793","AMO",5,7,34
"794","AZA",1,3,34
"795","BLA",6,8,34
"796","CAL",7,5,34
"797","CSA",18,12,34
"798","CSP",4,50,34
"799","DPE",2,1,34
"800","ECH",7,6,34
"801","EFL",32,18,34
"802","EMU",1,2,34
"803","ESE",3,4,34
"804","FAB",1,4,34
"805","FLA",7,14,34
"806","HOE",23,16,34
"807","LIN",1,1,34
"808","OLA",4,14,34
"809","POT",1,0,34
"810","PRUNUS",2,0,34
"811","RGR",2,3,34
"812","ROF",79,48,34
"813","SHI",1,2,34
"814","TVUF",62,35,34
"815","TVUH",55,41,34
"816","UMBE",1,2,34
"817","AMO",5,4,35
"818","AZA",1,3,35
"819","BLA",6,8,35
"820","CAL",7,8,35
"821","CSA",18,9,35
"822","CSP",4,60,35
"823","DPE",2,2,35
"824","ECH",7,4,35
"825","EFL",32,15,35
"826","EMU",1,2,35
"827","ESE",3,4,35
"828","FAB",1,2,35
"829","FLA",7,8,35
"830","HOE",23,14,35
"831","LIN",1,1,35
"832","OLA",4,16,35
"833","POT",1,4,35
"834","PRUNUS",2,0,35
"835","RGR",2,2,35
"836","ROF",79,42,35
"837","SHI",1,1,35
"838","TVUF",62,38,35
"839","TVUH",55,45,35
"840","UMBE",1,0,35
"841","AMO",5,2,36
"842","AZA",1,4,36
"843","BLA",6,11,36
"844","CAL",7,6,36
"845","CSA",18,12,36
"846","CSP",4,59,36
"847","DPE",2,4,36
"848","ECH",7,6,36
"849","EFL",32,16,36
"850","EMU",1,2,36
"851","ESE",3,1,36
"852","FAB",1,3,36
"853","FLA",7,5,36
"854","HOE",23,20,36
"855","LIN",1,0,36
"856","OLA",4,10,36
"857","POT",1,4,36
"858","PRUNUS",2,0,36
"859","RGR",2,5,36
"860","ROF",79,44,36
"861","SHI",1,4,36
"862","TVUF",62,33,36
"863","TVUH",55,38,36
"864","UMBE",1,2,36
"865","AMO",5,5,37
"866","AZA",1,3,37
"867","BLA",6,12,37
"868","CAL",7,4,37
"869","CSA",18,15,37
"870","CSP",4,65,37
"871","DPE",2,2,37
"872","ECH",7,10,37
"873","EFL",32,16,37
"874","EMU",1,0,37
"875","ESE",3,2,37
"876","FAB",1,3,37
"877","FLA",7,6,37
"878","HOE",23,22,37
"879","LIN",1,1,37
"880","OLA",4,13,37
"881","POT",1,4,37
"882","PRUNUS",2,1,37
"883","RGR",2,0,37
"884","ROF",79,48,37
"885","SHI",1,4,37
"886","TVUF",62,36,37
"887","TVUH",55,45,37
"888","UMBE",1,3,37
"889","AMO",5,1,38
"890","AZA",1,1,38
"891","BLA",6,8,38
"892","CAL",7,9,38
"893","CSA",18,24,38
"894","CSP",4,66,38
"895","DPE",2,3,38
"896","ECH",7,5,38
"897","EFL",32,18,38
"898","EMU",1,2,38
"899","ESE",3,3,38
"900","FAB",1,3,38
"901","FLA",7,7,38
"902","HOE",23,16,38
"903","LIN",1,0,38
"904","OLA",4,12,38
"905","POT",1,2,38
"906","PRUNUS",2,0,38
"907","RGR",2,0,38
"908","ROF",79,41,38
"909","SHI",1,0,38
"910","TVUF",62,38,38
"911","TVUH",55,39,38
"912","UMBE",1,1,38
"913","AMO",5,3,39
"914","AZA",1,1,39
"915","BLA",6,7,39
"916","CAL",7,10,39
"917","CSA",18,11,39
"918","CSP",4,69,39
"919","DPE",2,4,39
"920","ECH",7,6,39
"921","EFL",32,19,39
"922","EMU",1,0,39
"923","ESE",3,0,39
"924","FAB",1,1,39
"925","FLA",7,5,39
"926","HOE",23,17,39
"927","LIN",1,0,39
"928","OLA",4,13,39
"929","POT",1,0,39
"930","PRUNUS",2,0,39
"931","RGR",2,2,39
"932","ROF",79,45,39
"933","SHI",1,3,39
"934","TVUF",62,43,39
"935","TVUH",55,36,39
"936","UMBE",1,2,39
"937","AMO",5,3,40
"938","AZA",1,2,40
"939","BLA",6,9,40
"940","CAL",7,7,40
"941","CSA",18,12,40
"942","CSP",4,68,40
"943","DPE",2,2,40
"944","ECH",7,5,40
"945","EFL",32,14,40
"946","EMU",1,2,40
"947","ESE",3,1,40
"948","FAB",1,1,40
"949","FLA",7,4,40
"950","HOE",23,21,40
"951","LIN",1,1,40
"952","OLA",4,12,40
"953","POT",1,2,40
"954","PRUNUS",2,2,40
"955","RGR",2,1,40
"956","ROF",79,43,40
"957","SHI",1,1,40
"958","TVUF",62,44,40
"959","TVUH",55,34,40
"960","UMBE",1,1,40
"961","AMO",5,5,41
"962","AZA",1,3,41
"963","BLA",6,7,41
"964","CAL",7,3,41
"965","CSA",18,11,41
"966","CSP",4,57,41
"967","DPE",2,3,41
"968","ECH",7,7,41
"969","EFL",32,19,41
"970","EMU",1,2,41
"971","ESE",3,1,41
"972","FAB",1,1,41
"973","FLA",7,7,41
"974","HOE",23,21,41
"975","LIN",1,2,41
"976","OLA",4,12,41
"977","POT",1,3,41
"978","PRUNUS",2,1,41
"979","RGR",2,1,41
"980","ROF",79,52,41
"981","SHI",1,3,41
"982","TVUF",62,43,41
"983","TVUH",55,38,41
"984","UMBE",1,2,41
"985","AMO",5,0,42
"986","AZA",1,8,42
"987","BLA",6,9,42
"988","CAL",7,1,42
"989","CSA",18,18,42
"990","CSP",4,62,42
"991","DPE",2,5,42
"992","ECH",7,2,42
"993","EFL",32,16,42
"994","EMU",1,4,42
"995","ESE",3,1,42
"996","FAB",1,5,42
"997","FLA",7,7,42
"998","HOE",23,21,42
"999","LIN",1,0,42
"1000","OLA",4,14,42
"1001","POT",1,3,42
"1002","PRUNUS",2,0,42
"1003","RGR",2,1,42
"1004","ROF",79,49,42
"1005","SHI",1,2,42
"1006","TVUF",62,43,42
"1007","TVUH",55,35,42
"1008","UMBE",1,2,42
"1009","AMO",5,4,43
"1010","AZA",1,1,43
"1011","BLA",6,7,43
"1012","CAL",7,4,43
"1013","CSA",18,13,43
"1014","CSP",4,60,43
"1015","DPE",2,2,43
"1016","ECH",7,3,43
"1017","EFL",32,19,43
"1018","EMU",1,4,43
"1019","ESE",3,4,43
"1020","FAB",1,6,43
"1021","FLA",7,7,43
"1022","HOE",23,15,43
"1023","LIN",1,0,43
"1024","OLA",4,14,43
"1025","POT",1,1,43
"1026","PRUNUS",2,0,43
"1027","RGR",2,2,43
"1028","ROF",79,35,43
"1029","SHI",1,2,43
"1030","TVUF",62,44,43
"1031","TVUH",55,34,43
"1032","UMBE",1,1,43
"1033","AMO",5,3,44
"1034","AZA",1,2,44
"1035","BLA",6,10,44
"1036","CAL",7,7,44
"1037","CSA",18,17,44
"1038","CSP",4,57,44
"1039","DPE",2,2,44
"1040","ECH",7,9,44
"1041","EFL",32,20,44
"1042","EMU",1,1,44
"1043","ESE",3,5,44
"1044","FAB",1,3,44
"1045","FLA",7,9,44
"1046","HOE",23,30,44
"1047","LIN",1,0,44
"1048","OLA",4,9,44
"1049","POT",1,0,44
"1050","PRUNUS",2,3,44
"1051","RGR",2,1,44
"1052","ROF",79,45,44
"1053","SHI",1,1,44
"1054","TVUF",62,45,44
"1055","TVUH",55,38,44
"1056","UMBE",1,0,44
"1057","AMO",5,4,45
"1058","AZA",1,4,45
"1059","BLA",6,4,45
"1060","CAL",7,3,45
"1061","CSA",18,15,45
"1062","CSP",4,62,45
"1063","DPE",2,3,45
"1064","ECH",7,5,45
"1065","EFL",32,18,45
"1066","EMU",1,2,45
"1067","ESE",3,3,45
"1068","FAB",1,2,45
"1069","FLA",7,5,45
"1070","HOE",23,23,45
"1071","LIN",1,0,45
"1072","OLA",4,11,45
"1073","POT",1,1,45
"1074","PRUNUS",2,0,45
"1075","RGR",2,0,45
"1076","ROF",79,49,45
"1077","SHI",1,2,45
"1078","TVUF",62,48,45
"1079","TVUH",55,36,45
"1080","UMBE",1,1,45
"1081","AMO",5,5,46
"1082","AZA",1,3,46
"1083","BLA",6,9,46
"1084","CAL",7,7,46
"1085","CSA",18,14,46
"1086","CSP",4,58,46
"1087","DPE",2,2,46
"1088","ECH",7,6,46
"1089","EFL",32,20,46
"1090","EMU",1,2,46
"1091","ESE",3,2,46
"1092","FAB",1,3,46
"1093","FLA",7,12,46
"1094","HOE",23,18,46
"1095","LIN",1,0,46
"1096","OLA",4,7,46
"1097","POT",1,1,46
"1098","PRUNUS",2,1,46
"1099","RGR",2,2,46
"1100","ROF",79,55,46
"1101","SHI",1,7,46
"1102","TVUF",62,37,46
"1103","TVUH",55,46,46
"1104","UMBE",1,0,46
"1105","AMO",5,4,47
"1106","AZA",1,3,47
"1107","BLA",6,7,47
"1108","CAL",7,4,47
"1109","CSA",18,15,47
"1110","CSP",4,59,47
"1111","DPE",2,4,47
"1112","ECH",7,9,47
"1113","EFL",32,21,47
"1114","EMU",1,7,47
"1115","ESE",3,4,47
"1116","FAB",1,1,47
"1117","FLA",7,8,47
"1118","HOE",23,18,47
"1119","LIN",1,1,47
"1120","OLA",4,9,47
"1121","POT",1,3,47
"1122","PRUNUS",2,0,47
"1123","RGR",2,0,47
"1124","ROF",79,37,47
"1125","SHI",1,1,47
"1126","TVUF",62,49,47
"1127","TVUH",55,42,47
"1128","UMBE",1,2,47
"1129","AMO",5,4,48
"1130","AZA",1,1,48
"1131","BLA",6,10,48
"1132","CAL",7,4,48
"1133","CSA",18,16,48
"1134","CSP",4,63,48
"1135","DPE",2,4,48
"1136","ECH",7,7,48
"1137","EFL",32,19,48
"1138","EMU",1,0,48
"1139","ESE",3,2,48
"1140","FAB",1,4,48
"1141","FLA",7,6,48
"1142","HOE",23,18,48
"1143","LIN",1,1,48
"1144","OLA",4,14,48
"1145","POT",1,3,48
"1146","PRUNUS",2,0,48
"1147","RGR",2,1,48
"1148","ROF",79,50,48
"1149","SHI",1,5,48
"1150","TVUF",62,40,48
"1151","TVUH",55,38,48
"1152","UMBE",1,2,48
"1153","AMO",5,5,49
"1154","AZA",1,3,49
"1155","BLA",6,10,49
"1156","CAL",7,5,49
"1157","CSA",18,13,49
"1158","CSP",4,68,49
"1159","DPE",2,0,49
"1160","ECH",7,9,49
"1161","EFL",32,16,49
"1162","EMU",1,0,49
"1163","ESE",3,3,49
"1164","FAB",1,3,49
"1165","FLA",7,9,49
"1166","HOE",23,18,49
"1167","LIN",1,0,49
"1168","OLA",4,10,49
"1169","POT",1,2,49
"1170","PRUNUS",2,2,49
"1171","RGR",2,0,49
"1172","ROF",79,42,49
"1173","SHI",1,1,49
"1174","TVUF",62,41,49
"1175","TVUH",55,40,49
"1176","UMBE",1,0,49
"1177","AMO",5,4,50
"1178","AZA",1,1,50
"1179","BLA",6,10,50
"1180","CAL",7,4,50
"1181","CSA",18,16,50
"1182","CSP",4,67,50
"1183","DPE",2,1,50
"1184","ECH",7,10,50
"1185","EFL",32,25,50
"1186","EMU",1,2,50
"1187","ESE",3,2,50
"1188","FAB",1,2,50
"1189","FLA",7,13,50
"1190","HOE",23,17,50
"1191","LIN",1,0,50
"1192","OLA",4,14,50
"1193","POT",1,0,50
"1194","PRUNUS",2,0,50
"1195","RGR",2,0,50
"1196","ROF",79,47,50
"1197","SHI",1,4,50
"1198","TVUF",62,39,50
"1199","TVUH",55,36,50
"1200","UMBE",1,2,50
"1201","AMO",5,2,51
"1202","AZA",1,4,51
"1203","BLA",6,8,51
"1204","CAL",7,8,51
"1205","CSA",18,14,51
"1206","CSP",4,52,51
"1207","DPE",2,2,51
"1208","ECH",7,4,51
"1209","EFL",32,18,51
"1210","EMU",1,4,51
"1211","ESE",3,5,51
"1212","FAB",1,5,51
"1213","FLA",7,7,51
"1214","HOE",23,19,51
"1215","LIN",1,0,51
"1216","OLA",4,8,51
"1217","POT",1,1,51
"1218","PRUNUS",2,2,51
"1219","RGR",2,1,51
"1220","ROF",79,50,51
"1221","SHI",1,9,51
"1222","TVUF",62,41,51
"1223","TVUH",55,41,51
"1224","UMBE",1,1,51
"1225","AMO",5,9,52
"1226","AZA",1,1,52
"1227","BLA",6,9,52
"1228","CAL",7,5,52
"1229","CSA",18,10,52
"1230","CSP",4,62,52
"1231","DPE",2,4,52
"1232","ECH",7,7,52
"1233","EFL",32,18,52
"1234","EMU",1,2,52
"1235","ESE",3,1,52
"1236","FAB",1,3,52
"1237","FLA",7,8,52
"1238","HOE",23,18,52
"1239","LIN",1,1,52
"1240","OLA",4,11,52
"1241","POT",1,2,52
"1242","PRUNUS",2,2,52
"1243","RGR",2,2,52
"1244","ROF",79,39,52
"1245","SHI",1,3,52
"1246","TVUF",62,42,52
"1247","TVUH",55,40,52
"1248","UMBE",1,2,52
"1249","AMO",5,4,53
"1250","AZA",1,3,53
"1251","BLA",6,11,53
"1252","CAL",7,9,53
"1253","CSA",18,15,53
"1254","CSP",4,66,53
"1255","DPE",2,4,53
"1256","ECH",7,6,53
"1257","EFL",32,15,53
"1258","EMU",1,2,53
"1259","ESE",3,4,53
"1260","FAB",1,2,53
"1261","FLA",7,7,53
"1262","HOE",23,23,53
"1263","LIN",1,1,53
"1264","OLA",4,10,53
"1265","POT",1,2,53
"1266","PRUNUS",2,0,53
"1267","RGR",2,2,53
"1268","ROF",79,53,53
"1269","SHI",1,2,53
"1270","TVUF",62,45,53
"1271","TVUH",55,35,53
"1272","UMBE",1,1,53
"1273","AMO",5,1,54
"1274","AZA",1,3,54
"1275","BLA",6,4,54
"1276","CAL",7,8,54
"1277","CSA",18,10,54
"1278","CSP",4,63,54
"1279","DPE",2,2,54
"1280","ECH",7,7,54
"1281","EFL",32,22,54
"1282","EMU",1,0,54
"1283","ESE",3,2,54
"1284","FAB",1,3,54
"1285","FLA",7,7,54
"1286","HOE",23,19,54
"1287","LIN",1,0,54
"1288","OLA",4,12,54
"1289","POT",1,5,54
"1290","PRUNUS",2,0,54
"1291","RGR",2,0,54
"1292","ROF",79,39,54
"1293","SHI",1,2,54
"1294","TVUF",62,45,54
"1295","TVUH",55,39,54
"1296","UMBE",1,1,54
"1297","AMO",5,3,55
"1298","AZA",1,1,55
"1299","BLA",6,11,55
"1300","CAL",7,4,55
"1301","CSA",18,15,55
"1302","CSP",4,59,55
"1303","DPE",2,2,55
"1304","ECH",7,3,55
"1305","EFL",32,29,55
"1306","EMU",1,4,55
"1307","ESE",3,4,55
"1308","FAB",1,0,55
"1309","FLA",7,9,55
"1310","HOE",23,18,55
"1311","LIN",1,0,55
"1312","OLA",4,9,55
"1313","POT",1,1,55
"1314","PRUNUS",2,1,55
"1315","RGR",2,2,55
"1316","ROF",79,52,55
"1317","SHI",1,5,55
"1318","TVUF",62,44,55
"1319","TVUH",55,33,55
"1320","UMBE",1,3,55
"1321","AMO",5,5,56
"1322","AZA",1,7,56
"1323","BLA",6,11,56
"1324","CAL",7,6,56
"1325","CSA",18,17,56
"1326","CSP",4,69,56
"1327","DPE",2,5,56
"1328","ECH",7,12,56
"1329","EFL",32,20,56
"1330","EMU",1,4,56
"1331","ESE",3,3,56
"1332","FAB",1,3,56
"1333","FLA",7,10,56
"1334","HOE",23,15,56
"1335","LIN",1,0,56
"1336","OLA",4,12,56
"1337","POT",1,1,56
"1338","PRUNUS",2,1,56
"1339","RGR",2,1,56
"1340","ROF",79,47,56
"1341","SHI",1,1,56
"1342","TVUF",62,39,56
"1343","TVUH",55,36,56
"1344","UMBE",1,3,56
"1345","AMO",5,6,57
"1346","AZA",1,2,57
"1347","BLA",6,9,57
"1348","CAL",7,2,57
"1349","CSA",18,18,57
"1350","CSP",4,64,57
"1351","DPE",2,2,57
"1352","ECH",7,3,57
"1353","EFL",32,21,57
"1354","EMU",1,1,57
"1355","ESE",3,3,57
"1356","FAB",1,3,57
"1357","FLA",7,6,57
"1358","HOE",23,15,57
"1359","LIN",1,0,57
"1360","OLA",4,10,57
"1361","POT",1,0,57
"1362","PRUNUS",2,2,57
"1363","RGR",2,0,57
"1364","ROF",79,45,57
"1365","SHI",1,2,57
"1366","TVUF",62,37,57
"1367","TVUH",55,35,57
"1368","UMBE",1,3,57
"1369","AMO",5,5,58
"1370","AZA",1,2,58
"1371","BLA",6,10,58
"1372","CAL",7,4,58
"1373","CSA",18,16,58
"1374","CSP",4,66,58
"1375","DPE",2,3,58
"1376","ECH",7,4,58
"1377","EFL",32,17,58
"1378","EMU",1,2,58
"1379","ESE",3,5,58
"1380","FAB",1,4,58
"1381","FLA",7,7,58
"1382","HOE",23,18,58
"1383","LIN",1,1,58
"1384","OLA",4,8,58
"1385","POT",1,2,58
"1386","PRUNUS",2,2,58
"1387","RGR",2,3,58
"1388","ROF",79,39,58
"1389","SHI",1,4,58
"1390","TVUF",62,41,58
"1391","TVUH",55,30,58
"1392","UMBE",1,1,58
"1393","AMO",5,5,59
"1394","AZA",1,1,59
"1395","BLA",6,10,59
"1396","CAL",7,5,59
"1397","CSA",18,16,59
"1398","CSP",4,59,59
"1399","DPE",2,3,59
"1400","ECH",7,5,59
"1401","EFL",32,23,59
"1402","EMU",1,1,59
"1403","ESE",3,1,59
"1404","FAB",1,5,59
"1405","FLA",7,10,59
"1406","HOE",23,14,59
"1407","LIN",1,1,59
"1408","OLA",4,8,59
"1409","POT",1,2,59
"1410","PRUNUS",2,1,59
"1411","RGR",2,1,59
"1412","ROF",79,54,59
"1413","SHI",1,0,59
"1414","TVUF",62,33,59
"1415","TVUH",55,35,59
"1416","UMBE",1,0,59
"1417","AMO",5,4,60
"1418","AZA",1,4,60
"1419","BLA",6,6,60
"1420","CAL",7,5,60
"1421","CSA",18,10,60
"1422","CSP",4,52,60
"1423","DPE",2,2,60
"1424","ECH",7,4,60
"1425","EFL",32,19,60
"1426","EMU",1,1,60
"1427","ESE",3,2,60
"1428","FAB",1,7,60
"1429","FLA",7,5,60
"1430","HOE",23,19,60
"1431","LIN",1,0,60
"1432","OLA",4,11,60
"1433","POT",1,3,60
"1434","PRUNUS",2,0,60
"1435","RGR",2,1,60
"1436","ROF",79,46,60
"1437","SHI",1,5,60
"1438","TVUF",62,46,60
"1439","TVUH",55,43,60
"1440","UMBE",1,0,60
"1441","AMO",5,4,61
"1442","AZA",1,2,61
"1443","BLA",6,11,61
"1444","CAL",7,1,61
"1445","CSA",18,10,61
"1446","CSP",4,62,61
"1447","DPE",2,3,61
"1448","ECH",7,10,61
"1449","EFL",32,19,61
"1450","EMU",1,2,61
"1451","ESE",3,4,61
"1452","FAB",1,4,61
"1453","FLA",7,8,61
"1454","HOE",23,26,61
"1455","LIN",1,0,61
"1456","OLA",4,13,61
"1457","POT",1,0,61
"1458","PRUNUS",2,0,61
"1459","RGR",2,1,61
"1460","ROF",79,37,61
"1461","SHI",1,2,61
"1462","TVUF",62,34,61
"1463","TVUH",55,42,61
"1464","UMBE",1,1,61
"1465","AMO",5,5,62
"1466","AZA",1,1,62
"1467","BLA",6,6,62
"1468","CAL",7,8,62
"1469","CSA",18,12,62
"1470","CSP",4,64,62
"1471","DPE",2,1,62
"1472","ECH",7,4,62
"1473","EFL",32,12,62
"1474","EMU",1,1,62
"1475","ESE",3,5,62
"1476","FAB",1,4,62
"1477","FLA",7,4,62
"1478","HOE",23,17,62
"1479","LIN",1,0,62
"1480","OLA",4,10,62
"1481","POT",1,2,62
"1482","PRUNUS",2,1,62
"1483","RGR",2,1,62
"1484","ROF",79,41,62
"1485","SHI",1,4,62
"1486","TVUF",62,47,62
"1487","TVUH",55,39,62
"1488","UMBE",1,1,62
"1489","AMO",5,3,63
"1490","AZA",1,2,63
"1491","BLA",6,8,63
"1492","CAL",7,5,63
"1493","CSA",18,14,63
"1494","CSP",4,64,63
"1495","DPE",2,5,63
"1496","ECH",7,11,63
"1497","EFL",32,28,63
"1498","EMU",1,1,63
"1499","ESE",3,5,63
"1500","FAB",1,3,63
"1501","FLA",7,9,63
"1502","HOE",23,21,63
"1503","LIN",1,1,63
"1504","OLA",4,13,63
"1505","POT",1,1,63
"1506","PRUNUS",2,2,63
"1507","RGR",2,1,63
"1508","ROF",79,41,63
"1509","SHI",1,4,63
"1510","TVUF",62,44,63
"1511","TVUH",55,44,63
"1512","UMBE",1,2,63
"1513","AMO",5,5,64
"1514","AZA",1,6,64
"1515","BLA",6,10,64
"1516","CAL",7,4,64
"1517","CSA",18,11,64
"1518","CSP",4,57,64
"1519","DPE",2,4,64
"1520","ECH",7,11,64
"1521","EFL",32,22,64
"1522","EMU",1,2,64
"1523","ESE",3,4,64
"1524","FAB",1,2,64
"1525","FLA",7,6,64
"1526","HOE",23,12,64
"1527","LIN",1,0,64
"1528","OLA",4,12,64
"1529","POT",1,3,64
"1530","PRUNUS",2,0,64
"1531","RGR",2,1,64
"1532","ROF",79,41,64
"1533","SHI",1,1,64
"1534","TVUF",62,43,64
"1535","TVUH",55,41,64
"1536","UMBE",1,3,64
"1537","AMO",5,3,65
"1538","AZA",1,1,65
"1539","BLA",6,8,65
"1540","CAL",7,9,65
"1541","CSA",18,15,65
"1542","CSP",4,55,65
"1543","DPE",2,5,65
"1544","ECH",7,7,65
"1545","EFL",32,19,65
"1546","EMU",1,1,65
"1547","ESE",3,2,65
"1548","FAB",1,0,65
"1549","FLA",7,10,65
"1550","HOE",23,26,65
"1551","LIN",1,1,65
"1552","OLA",4,15,65
"1553","POT",1,2,65
"1554","PRUNUS",2,0,65
"1555","RGR",2,1,65
"1556","ROF",79,52,65
"1557","SHI",1,1,65
"1558","TVUF",62,40,65
"1559","TVUH",55,33,65
"1560","UMBE",1,3,65
"1561","AMO",5,7,66
"1562","AZA",1,2,66
"1563","BLA",6,8,66
"1564","CAL",7,7,66
"1565","CSA",18,12,66
"1566","CSP",4,61,66
"1567","DPE",2,1,66
"1568","ECH",7,6,66
"1569","EFL",32,22,66
"1570","EMU",1,3,66
"1571","ESE",3,0,66
"1572","FAB",1,2,66
"1573","FLA",7,5,66
"1574","HOE",23,17,66
"1575","LIN",1,0,66
"1576","OLA",4,16,66
"1577","POT",1,1,66
"1578","PRUNUS",2,0,66
"1579","RGR",2,1,66
"1580","ROF",79,44,66
"1581","SHI",1,4,66
"1582","TVUF",62,46,66
"1583","TVUH",55,34,66
"1584","UMBE",1,1,66
"1585","AMO",5,8,67
"1586","AZA",1,2,67
"1587","BLA",6,8,67
"1588","CAL",7,7,67
"1589","CSA",18,10,67
"1590","CSP",4,59,67
"1591","DPE",2,3,67
"1592","ECH",7,14,67
"1593","EFL",32,19,67
"1594","EMU",1,0,67
"1595","ESE",3,5,67
"1596","FAB",1,1,67
"1597","FLA",7,7,67
"1598","HOE",23,15,67
"1599","LIN",1,0,67
"1600","OLA",4,18,67
"1601","POT",1,4,67
"1602","PRUNUS",2,1,67
"1603","RGR",2,1,67
"1604","ROF",79,49,67
"1605","SHI",1,3,67
"1606","TVUF",62,36,67
"1607","TVUH",55,46,67
"1608","UMBE",1,1,67
"1609","AMO",5,5,68
"1610","AZA",1,1,68
"1611","BLA",6,6,68
"1612","CAL",7,4,68
"1613","CSA",18,15,68
"1614","CSP",4,66,68
"1615","DPE",2,1,68
"1616","ECH",7,5,68
"1617","EFL",32,20,68
"1618","EMU",1,1,68
"1619","ESE",3,4,68
"1620","FAB",1,1,68
"1621","FLA",7,7,68
"1622","HOE",23,13,68
"1623","LIN",1,0,68
"1624","OLA",4,16,68
"1625","POT",1,4,68
"1626","PRUNUS",2,1,68
"1627","RGR",2,1,68
"1628","ROF",79,40,68
"1629","SHI",1,2,68
"1630","TVUF",62,38,68
"1631","TVUH",55,35,68
"1632","UMBE",1,1,68
"1633","AMO",5,3,69
"1634","AZA",1,2,69
"1635","BLA",6,13,69
"1636","CAL",7,6,69
"1637","CSA",18,16,69
"1638","CSP",4,71,69
"1639","DPE",2,3,69
"1640","ECH",7,6,69
"1641","EFL",32,20,69
"1642","EMU",1,2,69
"1643","ESE",3,3,69
"1644","FAB",1,3,69
"1645","FLA",7,6,69
"1646","HOE",23,10,69
"1647","LIN",1,0,69
"1648","OLA",4,13,69
"1649","POT",1,1,69
"1650","PRUNUS",2,1,69
"1651","RGR",2,2,69
"1652","ROF",79,37,69
"1653","SHI",1,2,69
"1654","TVUF",62,42,69
"1655","TVUH",55,39,69
"1656","UMBE",1,2,69
"1657","AMO",5,6,70
"1658","AZA",1,3,70
"1659","BLA",6,9,70
"1660","CAL",7,6,70
"1661","CSA",18,12,70
"1662","CSP",4,64,70
"1663","DPE",2,4,70
"1664","ECH",7,8,70
"1665","EFL",32,18,70
"1666","EMU",1,3,70
"1667","ESE",3,5,70
"1668","FAB",1,5,70
"1669","FLA",7,6,70
"1670","HOE",23,15,70
"1671","LIN",1,2,70
"1672","OLA",4,8,70
"1673","POT",1,5,70
"1674","PRUNUS",2,0,70
"1675","RGR",2,1,70
"1676","ROF",79,42,70
"1677","SHI",1,2,70
"1678","TVUF",62,29,70
"1679","TVUH",55,42,70
"1680","UMBE",1,1,70
"1681","AMO",5,2,71
"1682","AZA",1,2,71
"1683","BLA",6,11,71
"1684","CAL",7,6,71
"1685","CSA",18,8,71
"1686","CSP",4,61,71
"1687","DPE",2,1,71
"1688","ECH",7,9,71
"1689","EFL",32,15,71
"1690","EMU",1,2,71
"1691","ESE",3,4,71
"1692","FAB",1,4,71
"1693","FLA",7,5,71
"1694","HOE",23,17,71
"1695","LIN",1,2,71
"1696","OLA",4,8,71
"1697","POT",1,2,71
"1698","PRUNUS",2,1,71
"1699","RGR",2,1,71
"1700","ROF",79,35,71
"1701","SHI",1,4,71
"1702","TVUF",62,43,71
"1703","TVUH",55,41,71
"1704","UMBE",1,0,71
"1705","AMO",5,3,72
"1706","AZA",1,4,72
"1707","BLA",6,8,72
"1708","CAL",7,7,72
"1709","CSA",18,16,72
"1710","CSP",4,54,72
"1711","DPE",2,5,72
"1712","ECH",7,8,72
"1713","EFL",32,16,72
"1714","EMU",1,2,72
"1715","ESE",3,3,72
"1716","FAB",1,5,72
"1717","FLA",7,8,72
"1718","HOE",23,19,72
"1719","LIN",1,0,72
"1720","OLA",4,15,72
"1721","POT",1,5,72
"1722","PRUNUS",2,0,72
"1723","RGR",2,1,72
"1724","ROF",79,48,72
"1725","SHI",1,5,72
"1726","TVUF",62,38,72
"1727","TVUH",55,34,72
"1728","UMBE",1,1,72
"1729","AMO",5,4,73
"1730","AZA",1,2,73
"1731","BLA",6,8,73
"1732","CAL",7,5,73
"1733","CSA",18,18,73
"1734","CSP",4,57,73
"1735","DPE",2,3,73
"1736","ECH",7,7,73
"1737","EFL",32,23,73
"1738","EMU",1,2,73
"1739","ESE",3,3,73
"1740","FAB",1,3,73
"1741","FLA",7,6,73
"1742","HOE",23,18,73
"1743","LIN",1,3,73
"1744","OLA",4,15,73
"1745","POT",1,0,73
"1746","PRUNUS",2,3,73
"1747","RGR",2,5,73
"1748","ROF",79,48,73
"1749","SHI",1,7,73
"1750","TVUF",62,38,73
"1751","TVUH",55,32,73
"1752","UMBE",1,1,73
"1753","AMO",5,5,74
"1754","AZA",1,4,74
"1755","BLA",6,9,74
"1756","CAL",7,2,74
"1757","CSA",18,14,74
"1758","CSP",4,63,74
"1759","DPE",2,2,74
"1760","ECH",7,7,74
"1761","EFL",32,19,74
"1762","EMU",1,3,74
"1763","ESE",3,1,74
"1764","FAB",1,4,74
"1765","FLA",7,10,74
"1766","HOE",23,16,74
"1767","LIN",1,0,74
"1768","OLA",4,8,74
"1769","POT",1,1,74
"1770","PRUNUS",2,2,74
"1771","RGR",2,3,74
"1772","ROF",79,38,74
"1773","SHI",1,3,74
"1774","TVUF",62,40,74
"1775","TVUH",55,36,74
"1776","UMBE",1,0,74
"1777","AMO",5,1,75
"1778","AZA",1,2,75
"1779","BLA",6,9,75
"1780","CAL",7,3,75
"1781","CSA",18,19,75
"1782","CSP",4,61,75
"1783","DPE",2,1,75
"1784","ECH",7,11,75
"1785","EFL",32,22,75
"1786","EMU",1,5,75
"1787","ESE",3,3,75
"1788","FAB",1,2,75
"1789","FLA",7,6,75
"1790","HOE",23,11,75
"1791","LIN",1,0,75
"1792","OLA",4,15,75
"1793","POT",1,1,75
"1794","PRUNUS",2,1,75
"1795","RGR",2,3,75
"1796","ROF",79,37,75
"1797","SHI",1,4,75
"1798","TVUF",62,33,75
"1799","TVUH",55,38,75
"1800","UMBE",1,1,75
"1801","AMO",5,4,76
"1802","AZA",1,4,76
"1803","BLA",6,5,76
"1804","CAL",7,1,76
"1805","CSA",18,16,76
"1806","CSP",4,63,76
"1807","DPE",2,4,76
"1808","ECH",7,7,76
"1809","EFL",32,25,76
"1810","EMU",1,2,76
"1811","ESE",3,1,76
"1812","FAB",1,3,76
"1813","FLA",7,9,76
"1814","HOE",23,18,76
"1815","LIN",1,1,76
"1816","OLA",4,9,76
"1817","POT",1,3,76
"1818","PRUNUS",2,1,76
"1819","RGR",2,1,76
"1820","ROF",79,39,76
"1821","SHI",1,2,76
"1822","TVUF",62,35,76
"1823","TVUH",55,33,76
"1824","UMBE",1,2,76
"1825","AMO",5,3,77
"1826","AZA",1,3,77
"1827","BLA",6,8,77
"1828","CAL",7,7,77
"1829","CSA",18,10,77
"1830","CSP",4,59,77
"1831","DPE",2,2,77
"1832","ECH",7,6,77
"1833","EFL",32,17,77
"1834","EMU",1,2,77
"1835","ESE",3,2,77
"1836","FAB",1,1,77
"1837","FLA",7,6,77
"1838","HOE",23,18,77
"1839","LIN",1,1,77
"1840","OLA",4,15,77
"1841","POT",1,4,77
"1842","PRUNUS",2,1,77
"1843","RGR",2,2,77
"1844","ROF",79,41,77
"1845","SHI",1,2,77
"1846","TVUF",62,40,77
"1847","TVUH",55,45,77
"1848","UMBE",1,3,77
"1849","AMO",5,3,78
"1850","AZA",1,0,78
"1851","BLA",6,8,78
"1852","CAL",7,8,78
"1853","CSA",18,20,78
"1854","CSP",4,65,78
"1855","DPE",2,4,78
"1856","ECH",7,6,78
"1857","EFL",32,17,78
"1858","EMU",1,2,78
"1859","ESE",3,1,78
"1860","FAB",1,2,78
"1861","FLA",7,3,78
"1862","HOE",23,16,78
"1863","LIN",1,0,78
"1864","OLA",4,9,78
"1865","POT",1,4,78
"1866","PRUNUS",2,1,78
"1867","RGR",2,3,78
"1868","ROF",79,48,78
"1869","SHI",1,3,78
"1870","TVUF",62,41,78
"1871","TVUH",55,36,78
"1872","UMBE",1,0,78
"1873","AMO",5,6,79
"1874","AZA",1,2,79
"1875","BLA",6,15,79
"1876","CAL",7,6,79
"1877","CSA",18,17,79
"1878","CSP",4,62,79
"1879","DPE",2,4,79
"1880","ECH",7,4,79
"1881","EFL",32,24,79
"1882","EMU",1,3,79
"1883","ESE",3,3,79
"1884","FAB",1,4,79
"1885","FLA",7,5,79
"1886","HOE",23,20,79
"1887","LIN",1,0,79
"1888","OLA",4,12,79
"1889","POT",1,2,79
"1890","PRUNUS",2,0,79
"1891","RGR",2,1,79
"1892","ROF",79,33,79
"1893","SHI",1,2,79
"1894","TVUF",62,44,79
"1895","TVUH",55,32,79
"1896","UMBE",1,2,79
"1897","AMO",5,7,80
"1898","AZA",1,1,80
"1899","BLA",6,4,80
"1900","CAL",7,5,80
"1901","CSA",18,15,80
"1902","CSP",4,57,80
"1903","DPE",2,2,80
"1904","ECH",7,4,80
"1905","EFL",32,14,80
"1906","EMU",1,1,80
"1907","ESE",3,3,80
"1908","FAB",1,2,80
"1909","FLA",7,6,80
"1910","HOE",23,13,80
"1911","LIN",1,1,80
"1912","OLA",4,15,80
"1913","POT",1,1,80
"1914","PRUNUS",2,2,80
"1915","RGR",2,1,80
"1916","ROF",79,49,80
"1917","SHI",1,1,80
"1918","TVUF",62,41,80
"1919","TVUH",55,36,80
"1920","UMBE",1,0,80
"1921","AMO",5,7,81
"1922","AZA",1,4,81
"1923","BLA",6,5,81
"1924","CAL",7,7,81
"1925","CSA",18,10,81
"1926","CSP",4,61,81
"1927","DPE",2,3,81
"1928","ECH",7,9,81
"1929","EFL",32,19,81
"1930","EMU",1,0,81
"1931","ESE",3,1,81
"1932","FAB",1,2,81
"1933","FLA",7,6,81
"1934","HOE",23,14,81
"1935","LIN",1,2,81
"1936","OLA",4,12,81
"1937","POT",1,2,81
"1938","PRUNUS",2,1,81
"1939","RGR",2,4,81
"1940","ROF",79,44,81
"1941","SHI",1,3,81
"1942","TVUF",62,47,81
"1943","TVUH",55,34,81
"1944","UMBE",1,3,81
"1945","AMO",5,6,82
"1946","AZA",1,2,82
"1947","BLA",6,8,82
"1948","CAL",7,4,82
"1949","CSA",18,16,82
"1950","CSP",4,67,82
"1951","DPE",2,2,82
"1952","ECH",7,9,82
"1953","EFL",32,21,82
"1954","EMU",1,2,82
"1955","ESE",3,2,82
"1956","FAB",1,2,82
"1957","FLA",7,7,82
"1958","HOE",23,17,82
"1959","LIN",1,1,82
"1960","OLA",4,16,82
"1961","POT",1,2,82
"1962","PRUNUS",2,1,82
"1963","RGR",2,2,82
"1964","ROF",79,37,82
"1965","SHI",1,2,82
"1966","TVUF",62,44,82
"1967","TVUH",55,37,82
"1968","UMBE",1,4,82
"1969","AMO",5,4,83
"1970","AZA",1,5,83
"1971","BLA",6,7,83
"1972","CAL",7,6,83
"1973","CSA",18,15,83
"1974","CSP",4,57,83
"1975","DPE",2,2,83
"1976","ECH",7,6,83
"1977","EFL",32,23,83
"1978","EMU",1,1,83
"1979","ESE",3,2,83
"1980","FAB",1,2,83
"1981","FLA",7,6,83
"1982","HOE",23,17,83
"1983","LIN",1,0,83
"1984","OLA",4,11,83
"1985","POT",1,4,83
"1986","PRUNUS",2,0,83
"1987","RGR",2,4,83
"1988","ROF",79,35,83
"1989","SHI",1,3,83
"1990","TVUF",62,42,83
"1991","TVUH",55,36,83
"1992","UMBE",1,0,83
"1993","AMO",5,6,84
"1994","AZA",1,1,84
"1995","BLA",6,9,84
"1996","CAL",7,3,84
"1997","CSA",18,15,84
"1998","CSP",4,63,84
"1999","DPE",2,4,84
"2000","ECH",7,8,84
"2001","EFL",32,17,84
"2002","EMU",1,2,84
"2003","ESE",3,2,84
"2004","FAB",1,4,84
"2005","FLA",7,3,84
"2006","HOE",23,19,84
"2007","LIN",1,0,84
"2008","OLA",4,17,84
"2009","POT",1,0,84
"2010","PRUNUS",2,0,84
"2011","RGR",2,2,84
"2012","ROF",79,47,84
"2013","SHI",1,7,84
"2014","TVUF",62,36,84
"2015","TVUH",55,33,84
"2016","UMBE",1,1,84
"2017","AMO",5,3,85
"2018","AZA",1,0,85
"2019","BLA",6,10,85
"2020","CAL",7,5,85
"2021","CSA",18,13,85
"2022","CSP",4,54,85
"2023","DPE",2,0,85
"2024","ECH",7,5,85
"2025","EFL",32,19,85
"2026","EMU",1,1,85
"2027","ESE",3,2,85
"2028","FAB",1,1,85
"2029","FLA",7,10,85
"2030","HOE",23,14,85
"2031","LIN",1,0,85
"2032","OLA",4,10,85
"2033","POT",1,2,85
"2034","PRUNUS",2,1,85
"2035","RGR",2,1,85
"2036","ROF",79,51,85
"2037","SHI",1,0,85
"2038","TVUF",62,36,85
"2039","TVUH",55,42,85
"2040","UMBE",1,1,85
"2041","AMO",5,7,86
"2042","AZA",1,0,86
"2043","BLA",6,6,86
"2044","CAL",7,5,86
"2045","CSA",18,16,86
"2046","CSP",4,67,86
"2047","DPE",2,3,86
"2048","ECH",7,8,86
"2049","EFL",32,20,86
"2050","EMU",1,2,86
"2051","ESE",3,3,86
"2052","FAB",1,4,86
"2053","FLA",7,9,86
"2054","HOE",23,21,86
"2055","LIN",1,1,86
"2056","OLA",4,15,86
"2057","POT",1,2,86
"2058","PRUNUS",2,0,86
"2059","RGR",2,2,86
"2060","ROF",79,45,86
"2061","SHI",1,0,86
"2062","TVUF",62,35,86
"2063","TVUH",55,26,86
"2064","UMBE",1,0,86
"2065","AMO",5,4,87
"2066","AZA",1,3,87
"2067","BLA",6,6,87
"2068","CAL",7,5,87
"2069","CSA",18,7,87
"2070","CSP",4,66,87
"2071","DPE",2,1,87
"2072","ECH",7,5,87
"2073","EFL",32,21,87
"2074","EMU",1,2,87
"2075","ESE",3,3,87
"2076","FAB",1,2,87
"2077","FLA",7,13,87
"2078","HOE",23,21,87
"2079","LIN",1,0,87
"2080","OLA",4,11,87
"2081","POT",1,3,87
"2082","PRUNUS",2,1,87
"2083","RGR",2,1,87
"2084","ROF",79,42,87
"2085","SHI",1,1,87
"2086","TVUF",62,42,87
"2087","TVUH",55,40,87
"2088","UMBE",1,3,87
"2089","AMO",5,8,88
"2090","AZA",1,2,88
"2091","BLA",6,7,88
"2092","CAL",7,7,88
"2093","CSA",18,8,88
"2094","CSP",4,65,88
"2095","DPE",2,1,88
"2096","ECH",7,9,88
"2097","EFL",32,20,88
"2098","EMU",1,0,88
"2099","ESE",3,2,88
"2100","FAB",1,4,88
"2101","FLA",7,9,88
"2102","HOE",23,14,88
"2103","LIN",1,0,88
"2104","OLA",4,12,88
"2105","POT",1,1,88
"2106","PRUNUS",2,2,88
"2107","RGR",2,1,88
"2108","ROF",79,49,88
"2109","SHI",1,1,88
"2110","TVUF",62,33,88
"2111","TVUH",55,38,88
"2112","UMBE",1,1,88
"2113","AMO",5,6,89
"2114","AZA",1,3,89
"2115","BLA",6,4,89
"2116","CAL",7,4,89
"2117","CSA",18,11,89
"2118","CSP",4,62,89
"2119","DPE",2,4,89
"2120","ECH",7,5,89
"2121","EFL",32,11,89
"2122","EMU",1,0,89
"2123","ESE",3,4,89
"2124","FAB",1,2,89
"2125","FLA",7,10,89
"2126","HOE",23,13,89
"2127","LIN",1,0,89
"2128","OLA",4,10,89
"2129","POT",1,1,89
"2130","PRUNUS",2,1,89
"2131","RGR",2,2,89
"2132","ROF",79,48,89
"2133","SHI",1,0,89
"2134","TVUF",62,50,89
"2135","TVUH",55,40,89
"2136","UMBE",1,2,89
"2137","AMO",5,4,90
"2138","AZA",1,3,90
"2139","BLA",6,10,90
"2140","CAL",7,8,90
"2141","CSA",18,17,90
"2142","CSP",4,63,90
"2143","DPE",2,1,90
"2144","ECH",7,5,90
"2145","EFL",32,16,90
"2146","EMU",1,1,90
"2147","ESE",3,1,90
"2148","FAB",1,4,90
"2149","FLA",7,6,90
"2150","HOE",23,23,90
"2151","LIN",1,0,90
"2152","OLA",4,14,90
"2153","POT",1,3,90
"2154","PRUNUS",2,1,90
"2155","RGR",2,1,90
"2156","ROF",79,45,90
"2157","SHI",1,3,90
"2158","TVUF",62,41,90
"2159","TVUH",55,46,90
"2160","UMBE",1,2,90
"2161","AMO",5,5,91
"2162","AZA",1,5,91
"2163","BLA",6,7,91
"2164","CAL",7,6,91
"2165","CSA",18,19,91
"2166","CSP",4,58,91
"2167","DPE",2,2,91
"2168","ECH",7,7,91
"2169","EFL",32,17,91
"2170","EMU",1,2,91
"2171","ESE",3,2,91
"2172","FAB",1,2,91
"2173","FLA",7,6,91
"2174","HOE",23,25,91
"2175","LIN",1,0,91
"2176","OLA",4,8,91
"2177","POT",1,1,91
"2178","PRUNUS",2,1,91
"2179","RGR",2,1,91
"2180","ROF",79,47,91
"2181","SHI",1,0,91
"2182","TVUF",62,40,91
"2183","TVUH",55,48,91
"2184","UMBE",1,3,91
"2185","AMO",5,5,92
"2186","AZA",1,0,92
"2187","BLA",6,13,92
"2188","CAL",7,6,92
"2189","CSA",18,17,92
"2190","CSP",4,63,92
"2191","DPE",2,2,92
"2192","ECH",7,4,92
"2193","EFL",32,15,92
"2194","EMU",1,2,92
"2195","ESE",3,1,92
"2196","FAB",1,4,92
"2197","FLA",7,2,92
"2198","HOE",23,21,92
"2199","LIN",1,1,92
"2200","OLA",4,16,92
"2201","POT",1,2,92
"2202","PRUNUS",2,0,92
"2203","RGR",2,1,92
"2204","ROF",79,38,92
"2205","SHI",1,2,92
"2206","TVUF",62,43,92
"2207","TVUH",55,39,92
"2208","UMBE",1,1,92
"2209","AMO",5,5,93
"2210","AZA",1,1,93
"2211","BLA",6,7,93
"2212","CAL",7,8,93
"2213","CSA",18,16,93
"2214","CSP",4,61,93
"2215","DPE",2,3,93
"2216","ECH",7,8,93
"2217","EFL",32,24,93
"2218","EMU",1,2,93
"2219","ESE",3,1,93
"2220","FAB",1,4,93
"2221","FLA",7,6,93
"2222","HOE",23,20,93
"2223","LIN",1,0,93
"2224","OLA",4,14,93
"2225","POT",1,4,93
"2226","PRUNUS",2,2,93
"2227","RGR",2,3,93
"2228","ROF",79,36,93
"2229","SHI",1,5,93
"2230","TVUF",62,45,93
"2231","TVUH",55,41,93
"2232","UMBE",1,1,93
"2233","AMO",5,4,94
"2234","AZA",1,3,94
"2235","BLA",6,9,94
"2236","CAL",7,9,94
"2237","CSA",18,17,94
"2238","CSP",4,60,94
"2239","DPE",2,4,94
"2240","ECH",7,8,94
"2241","EFL",32,20,94
"2242","EMU",1,1,94
"2243","ESE",3,1,94
"2244","FAB",1,1,94
"2245","FLA",7,3,94
"2246","HOE",23,15,94
"2247","LIN",1,0,94
"2248","OLA",4,13,94
"2249","POT",1,6,94
"2250","PRUNUS",2,2,94
"2251","RGR",2,2,94
"2252","ROF",79,58,94
"2253","SHI",1,2,94
"2254","TVUF",62,40,94
"2255","TVUH",55,37,94
"2256","UMBE",1,1,94
"2257","AMO",5,8,95
"2258","AZA",1,0,95
"2259","BLA",6,9,95
"2260","CAL",7,6,95
"2261","CSA",18,21,95
"2262","CSP",4,67,95
"2263","DPE",2,1,95
"2264","ECH",7,7,95
"2265","EFL",32,17,95
"2266","EMU",1,2,95
"2267","ESE",3,2,95
"2268","FAB",1,4,95
"2269","FLA",7,9,95
"2270","HOE",23,16,95
"2271","LIN",1,0,95
"2272","OLA",4,9,95
"2273","POT",1,2,95
"2274","PRUNUS",2,1,95
"2275","RGR",2,1,95
"2276","ROF",79,44,95
"2277","SHI",1,1,95
"2278","TVUF",62,36,95
"2279","TVUH",55,32,95
"2280","UMBE",1,2,95
"2281","AMO",5,1,96
"2282","AZA",1,4,96
"2283","BLA",6,10,96
"2284","CAL",7,5,96
"2285","CSA",18,14,96
"2286","CSP",4,64,96
"2287","DPE",2,1,96
"2288","ECH",7,7,96
"2289","EFL",32,19,96
"2290","EMU",1,2,96
"2291","ESE",3,3,96
"2292","FAB",1,0,96
"2293","FLA",7,8,96
"2294","HOE",23,20,96
"2295","LIN",1,0,96
"2296","OLA",4,15,96
"2297","POT",1,4,96
"2298","PRUNUS",2,1,96
"2299","RGR",2,1,96
"2300","ROF",79,37,96
"2301","SHI",1,4,96
"2302","TVUF",62,43,96
"2303","TVUH",55,33,96
"2304","UMBE",1,4,96
"2305","AMO",5,4,97
"2306","AZA",1,2,97
"2307","BLA",6,3,97
"2308","CAL",7,3,97
"2309","CSA",18,15,97
"2310","CSP",4,59,97
"2311","DPE",2,3,97
"2312","ECH",7,8,97
"2313","EFL",32,30,97
"2314","EMU",1,1,97
"2315","ESE",3,0,97
"2316","FAB",1,3,97
"2317","FLA",7,5,97
"2318","HOE",23,14,97
"2319","LIN",1,0,97
"2320","OLA",4,12,97
"2321","POT",1,2,97
"2322","PRUNUS",2,3,97
"2323","RGR",2,1,97
"2324","ROF",79,43,97
"2325","SHI",1,4,97
"2326","TVUF",62,46,97
"2327","TVUH",55,50,97
"2328","UMBE",1,0,97
"2329","AMO",5,4,98
"2330","AZA",1,3,98
"2331","BLA",6,11,98
"2332","CAL",7,8,98
"2333","CSA",18,17,98
"2334","CSP",4,62,98
"2335","DPE",2,0,98
"2336","ECH",7,6,98
"2337","EFL",32,23,98
"2338","EMU",1,1,98
"2339","ESE",3,2,98
"2340","FAB",1,2,98
"2341","FLA",7,6,98
"2342","HOE",23,17,98
"2343","LIN",1,2,98
"2344","OLA",4,12,98
"2345","POT",1,0,98
"2346","PRUNUS",2,0,98
"2347","RGR",2,2,98
"2348","ROF",79,40,98
"2349","SHI",1,2,98
"2350","TVUF",62,44,98
"2351","TVUH",55,37,98
"2352","UMBE",1,0,98
"2353","AMO",5,4,99
"2354","AZA",1,1,99
"2355","BLA",6,9,99
"2356","CAL",7,3,99
"2357","CSA",18,10,99
"2358","CSP",4,55,99
"2359","DPE",2,1,99
"2360","ECH",7,10,99
"2361","EFL",32,19,99
"2362","EMU",1,0,99
"2363","ESE",3,3,99
"2364","FAB",1,5,99
"2365","FLA",7,10,99
"2366","HOE",23,18,99
"2367","LIN",1,0,99
"2368","OLA",4,11,99
"2369","POT",1,4,99
"2370","PRUNUS",2,1,99
"2371","RGR",2,3,99
"2372","ROF",79,39,99
"2373","SHI",1,1,99
"2374","TVUF",62,42,99
"2375","TVUH",55,46,99
"2376","UMBE",1,1,99
"2377","AMO",5,6,100
"2378","AZA",1,4,100
"2379","BLA",6,6,100
"2380","CAL",7,5,100
"2381","CSA",18,10,100
"2382","CSP",4,67,100
"2383","DPE",2,3,100
"2384","ECH",7,7,100
"2385","EFL",32,19,100
"2386","EMU",1,3,100
"2387","ESE",3,2,100
"2388","FAB",1,4,100
"2389","FLA",7,6,100
"2390","HOE",23,13,100
"2391","LIN",1,0,100
"2392","OLA",4,9,100
"2393","POT",1,0,100
"2394","PRUNUS",2,0,100
"2395","RGR",2,2,100
"2396","ROF",79,47,100
"2397","SHI",1,3,100
"2398","TVUF",62,41,100
"2399","TVUH",55,39,100
"2400","UMBE",1,0,100
